p_UsernameComp,p_Password
test_company,dtps%402020
test_company,dtps%402020
test_company,dtps%402020
test_company,dtps%402020
test_company,dtps%402020
test_company,dtps%402020
test_company,dtps%402020
test_company,dtps%402020
test_company,dtps%402020
test_company,dtps%402020
test_company,dtps%402020
test_company,dtps%402020
test_company,dtps%402020
test_company,dtps%402020
test_company,dtps%402020
test_company,dtps%402020
test_company,dtps%402020
test_company,dtps%402020
test_company,dtps%402020
test_company,dtps%402020
test_company,dtps%402020
test_company,dtps%402020
test_company,dtps%402020
test_company,dtps%402020
test_company,dtps%402020
test_company,dtps%402020
test_company,dtps%402020
test_company,dtps%402020
test_company,dtps%402020
test_company,dtps%402020
test_company,dtps%402020
test_company,dtps%402020
test_company,dtps%402020
test_company,dtps%402020
test_company,dtps%402020
test_company,dtps%402020
test_company,dtps%402020
test_company,dtps%402020
test_company,dtps%402020
test_company,dtps%402020
test_company,dtps%402020
test_company,dtps%402020
test_company,dtps%402020
test_company,dtps%402020
test_company,dtps%402020
test_company,dtps%402020
test_company,dtps%402020
test_company,dtps%402020
test_company,dtps%402020
test_company,dtps%402020
test_company,dtps%402020
test_company,dtps%402020
test_company,dtps%402020
test_company,dtps%402020
test_company,dtps%402020
test_company,dtps%402020
test_company,dtps%402020
test_company,dtps%402020
test_company,dtps%402020
test_company,dtps%402020
test_company,dtps%402020
test_company,dtps%402020
test_company,dtps%402020
test_company,dtps%402020
test_company,dtps%402020
test_company,dtps%402020
test_company,dtps%402020
test_company,dtps%402020
test_company,dtps%402020
test_company,dtps%402020
test_company,dtps%402020
test_company,dtps%402020
test_company,dtps%402020
test_company,dtps%402020
test_company,dtps%402020
test_company,dtps%402020
test_company,dtps%402020
test_company,dtps%402020
test_company,dtps%402020
test_company,dtps%402020
test_company,dtps%402020
test_company,dtps%402020
test_company,dtps%402020
test_company,dtps%402020
test_company,dtps%402020
test_company,dtps%402020
test_company,dtps%402020
test_company,dtps%402020
test_company,dtps%402020
test_company,dtps%402020
test_company,dtps%402020
test_company,dtps%402020
test_company,dtps%402020
test_company,dtps%402020
test_company,dtps%402020
test_company,dtps%402020
test_company,dtps%402020
test_company,dtps%402020
test_company,dtps%402020
test_company,dtps%402020
test_company,dtps%402020
test_company,dtps%402020
test_company,dtps%402020
test_company,dtps%402020
test_company,dtps%402020
test_company,dtps%402020
test_company,dtps%402020
test_company,dtps%402020
test_company,dtps%402020
test_company,dtps%402020
test_company,dtps%402020
test_company,dtps%402020
test_company,dtps%402020
test_company,dtps%402020
test_company,dtps%402020
test_company,dtps%402020
test_company,dtps%402020
test_company,dtps%402020
test_company,dtps%402020
test_company,dtps%402020
test_company,dtps%402020
test_company,dtps%402020
test_company,dtps%402020
test_company,dtps%402020
test_company,dtps%402020
test_company,dtps%402020
test_company,dtps%402020
test_company,dtps%402020
test_company,dtps%402020
test_company,dtps%402020
test_company,dtps%402020
test_company,dtps%402020
test_company,dtps%402020
test_company,dtps%402020
test_company,dtps%402020
test_company,dtps%402020
test_company,dtps%402020
test_company,dtps%402020
test_company,dtps%402020
test_company,dtps%402020
test_company,dtps%402020
test_company,dtps%402020
test_company,dtps%402020
test_company,dtps%402020
test_company,dtps%402020
test_company,dtps%402020
test_company,dtps%402020
test_company,dtps%402020
test_company,dtps%402020
test_company,dtps%402020
test_company,dtps%402020
test_company,dtps%402020
test_company,dtps%402020
test_company,dtps%402020
test_company,dtps%402020
test_company,dtps%402020
test_company,dtps%402020
test_company,dtps%402020
test_company,dtps%402020
test_company,dtps%402020
test_company,dtps%402020
test_company,dtps%402020
test_company,dtps%402020
test_company,dtps%402020
test_company,dtps%402020
test_company,dtps%402020
test_company,dtps%402020
test_company,dtps%402020
test_company,dtps%402020
test_company,dtps%402020
test_company,dtps%402020
test_company,dtps%402020
test_company,dtps%402020
test_company,dtps%402020
test_company,dtps%402020
test_company,dtps%402020
test_company,dtps%402020
test_company,dtps%402020
test_company,dtps%402020
test_company,dtps%402020
test_company,dtps%402020
test_company,dtps%402020
test_company,dtps%402020
test_company,dtps%402020
test_company,dtps%402020
test_company,dtps%402020
test_company,dtps%402020
test_company,dtps%402020
test_company,dtps%402020
test_company,dtps%402020
test_company,dtps%402020
test_company,dtps%402020
test_company,dtps%402020
test_company,dtps%402020
test_company,dtps%402020
test_company,dtps%402020
test_company,dtps%402020
test_company,dtps%402020
test_company,dtps%402020
test_company,dtps%402020
test_company,dtps%402020
test_company,dtps%402020
test_company,dtps%402020
test_company,dtps%402020
test_company,dtps%402020
test_company,dtps%402020
test_company,dtps%402020
test_company,dtps%402020
test_company,dtps%402020
test_company,dtps%402020
test_company,dtps%402020
test_company,dtps%402020
test_company,dtps%402020
test_company,dtps%402020
test_company,dtps%402020
test_company,dtps%402020
test_company,dtps%402020
test_company,dtps%402020
test_company,dtps%402020
test_company,dtps%402020
test_company,dtps%402020
test_company,dtps%402020
test_company,dtps%402020
test_company,dtps%402020
test_company,dtps%402020
test_company,dtps%402020
test_company,dtps%402020
test_company,dtps%402020
test_company,dtps%402020
test_company,dtps%402020
test_company,dtps%402020
test_company,dtps%402020
test_company,dtps%402020
test_company,dtps%402020
test_company,dtps%402020
test_company,dtps%402020
test_company,dtps%402020
test_company,dtps%402020
test_company,dtps%402020
test_company,dtps%402020
test_company,dtps%402020
test_company,dtps%402020
test_company,dtps%402020
test_company,dtps%402020
test_company,dtps%402020
test_company,dtps%402020
test_company,dtps%402020
test_company,dtps%402020
test_company,dtps%402020
test_company,dtps%402020
test_company,dtps%402020
test_company,dtps%402020
test_company,dtps%402020
test_company,dtps%402020
test_company,dtps%402020
test_company,dtps%402020
test_company,dtps%402020
test_company,dtps%402020
test_company,dtps%402020
test_company,dtps%402020
test_company,dtps%402020
test_company,dtps%402020
test_company,dtps%402020
test_company,dtps%402020
test_company,dtps%402020
test_company,dtps%402020
test_company,dtps%402020
test_company,dtps%402020
test_company,dtps%402020
test_company,dtps%402020
test_company,dtps%402020
test_company,dtps%402020
test_company,dtps%402020
test_company,dtps%402020
test_company,dtps%402020
test_company,dtps%402020
test_company,dtps%402020
test_company,dtps%402020
test_company,dtps%402020
test_company,dtps%402020
test_company,dtps%402020
test_company,dtps%402020
test_company,dtps%402020
test_company,dtps%402020
test_company,dtps%402020
test_company,dtps%402020
test_company,dtps%402020
test_company,dtps%402020
test_company,dtps%402020
test_company,dtps%402020
test_company,dtps%402020
test_company,dtps%402020
test_company,dtps%402020
test_company,dtps%402020
test_company,dtps%402020
test_company,dtps%402020
test_company,dtps%402020
test_company,dtps%402020
test_company,dtps%402020
test_company,dtps%402020
test_company,dtps%402020
test_company,dtps%402020
test_company,dtps%402020
test_company,dtps%402020
test_company,dtps%402020
test_company,dtps%402020
test_company,dtps%402020
test_company,dtps%402020
test_company,dtps%402020
test_company,dtps%402020
test_company,dtps%402020
test_company,dtps%402020
test_company,dtps%402020
test_company,dtps%402020
test_company,dtps%402020
test_company,dtps%402020
test_company,dtps%402020
test_company,dtps%402020
test_company,dtps%402020
test_company,dtps%402020
test_company,dtps%402020
test_company,dtps%402020
test_company,dtps%402020
test_company,dtps%402020
test_company,dtps%402020
test_company,dtps%402020
test_company,dtps%402020
test_company,dtps%402020
test_company,dtps%402020
test_company,dtps%402020
test_company,dtps%402020
test_company,dtps%402020
test_company,dtps%402020
test_company,dtps%402020
test_company,dtps%402020
test_company,dtps%402020
test_company,dtps%402020
test_company,dtps%402020
test_company,dtps%402020
test_company,dtps%402020
test_company,dtps%402020
test_company,dtps%402020
test_company,dtps%402020
test_company,dtps%402020
test_company,dtps%402020
test_company,dtps%402020
test_company,dtps%402020
test_company,dtps%402020
test_company,dtps%402020
test_company,dtps%402020
test_company,dtps%402020
test_company,dtps%402020
test_company,dtps%402020
test_company,dtps%402020
test_company,dtps%402020
test_company,dtps%402020
test_company,dtps%402020
test_company,dtps%402020
test_company,dtps%402020
test_company,dtps%402020
test_company,dtps%402020
test_company,dtps%402020
test_company,dtps%402020
test_company,dtps%402020
test_company,dtps%402020
test_company,dtps%402020
test_company,dtps%402020
test_company,dtps%402020
test_company,dtps%402020
test_company,dtps%402020
test_company,dtps%402020
test_company,dtps%402020
test_company,dtps%402020
test_company,dtps%402020
test_company,dtps%402020
test_company,dtps%402020
test_company,dtps%402020
test_company,dtps%402020
test_company,dtps%402020
test_company,dtps%402020
test_company,dtps%402020
test_company,dtps%402020
test_company,dtps%402020
test_company,dtps%402020
test_company,dtps%402020
test_company,dtps%402020
test_company,dtps%402020
test_company,dtps%402020
test_company,dtps%402020
test_company,dtps%402020
test_company,dtps%402020
test_company,dtps%402020
test_company,dtps%402020
test_company,dtps%402020
test_company,dtps%402020
test_company,dtps%402020
test_company,dtps%402020
test_company,dtps%402020
test_company,dtps%402020
test_company,dtps%402020
test_company,dtps%402020
test_company,dtps%402020
test_company,dtps%402020
test_company,dtps%402020
test_company,dtps%402020
test_company,dtps%402020
test_company,dtps%402020
test_company,dtps%402020
test_company,dtps%402020
test_company,dtps%402020
test_company,dtps%402020
test_company,dtps%402020
test_company,dtps%402020
test_company,dtps%402020
test_company,dtps%402020
test_company,dtps%402020
test_company,dtps%402020
test_company,dtps%402020
test_company,dtps%402020
test_company,dtps%402020
test_company,dtps%402020
test_company,dtps%402020
test_company,dtps%402020
test_company,dtps%402020
test_company,dtps%402020
test_company,dtps%402020
test_company,dtps%402020
test_company,dtps%402020
test_company,dtps%402020
test_company,dtps%402020
test_company,dtps%402020
test_company,dtps%402020
test_company,dtps%402020
test_company,dtps%402020
test_company,dtps%402020
test_company,dtps%402020
test_company,dtps%402020
test_company,dtps%402020
test_company,dtps%402020
test_company,dtps%402020
test_company,dtps%402020
test_company,dtps%402020
test_company,dtps%402020
test_company,dtps%402020
test_company,dtps%402020
test_company,dtps%402020
test_company,dtps%402020
test_company,dtps%402020
test_company,dtps%402020
test_company,dtps%402020
test_company,dtps%402020
test_company,dtps%402020
test_company,dtps%402020
test_company,dtps%402020
test_company,dtps%402020
test_company,dtps%402020
test_company,dtps%402020
test_company,dtps%402020
test_company,dtps%402020
test_company,dtps%402020
test_company,dtps%402020
test_company,dtps%402020
test_company,dtps%402020
test_company,dtps%402020
test_company,dtps%402020
test_company,dtps%402020
test_company,dtps%402020
test_company,dtps%402020
test_company,dtps%402020
test_company,dtps%402020
test_company,dtps%402020
test_company,dtps%402020
test_company,dtps%402020
test_company,dtps%402020
test_company,dtps%402020
test_company,dtps%402020
test_company,dtps%402020
test_company,dtps%402020
test_company,dtps%402020
test_company,dtps%402020
test_company,dtps%402020
test_company,dtps%402020
test_company,dtps%402020
test_company,dtps%402020
test_company,dtps%402020
test_company,dtps%402020
test_company,dtps%402020
test_company,dtps%402020
test_company,dtps%402020
test_company,dtps%402020
test_company,dtps%402020
test_company,dtps%402020
test_company,dtps%402020
test_company,dtps%402020
test_company,dtps%402020
test_company,dtps%402020
test_company,dtps%402020
test_company,dtps%402020
test_company,dtps%402020
test_company,dtps%402020
test_company,dtps%402020
test_company,dtps%402020
test_company,dtps%402020
test_company,dtps%402020
test_company,dtps%402020
test_company,dtps%402020
test_company,dtps%402020
test_company,dtps%402020
test_company,dtps%402020
test_company,dtps%402020
test_company,dtps%402020
test_company,dtps%402020
test_company,dtps%402020
test_company,dtps%402020
test_company,dtps%402020
test_company,dtps%402020
test_company,dtps%402020
test_company,dtps%402020
test_company,dtps%402020
test_company,dtps%402020
test_company,dtps%402020
test_company,dtps%402020
test_company,dtps%402020
test_company,dtps%402020
test_company,dtps%402020
test_company,dtps%402020
test_company,dtps%402020
test_company,dtps%402020
test_company,dtps%402020
test_company,dtps%402020
test_company,dtps%402020
test_company,dtps%402020
test_company,dtps%402020
test_company,dtps%402020
test_company,dtps%402020
test_company,dtps%402020
test_company,dtps%402020
test_company,dtps%402020
test_company,dtps%402020
test_company,dtps%402020
test_company,dtps%402020
test_company,dtps%402020
test_company,dtps%402020
test_company,dtps%402020
test_company,dtps%402020
test_company,dtps%402020
test_company,dtps%402020
test_company,dtps%402020
test_company,dtps%402020
test_company,dtps%402020
test_company,dtps%402020
test_company,dtps%402020
test_company,dtps%402020
test_company,dtps%402020
test_company,dtps%402020
test_company,dtps%402020
test_company,dtps%402020
test_company,dtps%402020
test_company,dtps%402020
test_company,dtps%402020
test_company,dtps%402020
test_company,dtps%402020
test_company,dtps%402020
test_company,dtps%402020
test_company,dtps%402020
test_company,dtps%402020
test_company,dtps%402020
test_company,dtps%402020
test_company,dtps%402020
test_company,dtps%402020
test_company,dtps%402020
test_company,dtps%402020
test_company,dtps%402020
test_company,dtps%402020
test_company,dtps%402020
test_company,dtps%402020
test_company,dtps%402020
test_company,dtps%402020
test_company,dtps%402020
test_company,dtps%402020
test_company,dtps%402020
test_company,dtps%402020
test_company,dtps%402020
test_company,dtps%402020
test_company,dtps%402020
test_company,dtps%402020
test_company,dtps%402020
test_company,dtps%402020
test_company,dtps%402020
test_company,dtps%402020
test_company,dtps%402020
test_company,dtps%402020
test_company,dtps%402020
test_company,dtps%402020
test_company,dtps%402020
test_company,dtps%402020
test_company,dtps%402020
test_company,dtps%402020
test_company,dtps%402020
test_company,dtps%402020
test_company,dtps%402020
test_company,dtps%402020
test_company,dtps%402020
test_company,dtps%402020
test_company,dtps%402020
test_company,dtps%402020
test_company,dtps%402020
test_company,dtps%402020
test_company,dtps%402020
test_company,dtps%402020
test_company,dtps%402020
test_company,dtps%402020
test_company,dtps%402020
test_company,dtps%402020
test_company,dtps%402020
test_company,dtps%402020
test_company,dtps%402020
test_company,dtps%402020
test_company,dtps%402020
test_company,dtps%402020
test_company,dtps%402020
test_company,dtps%402020
test_company,dtps%402020
test_company,dtps%402020
test_company,dtps%402020
test_company,dtps%402020
test_company,dtps%402020
test_company,dtps%402020
test_company,dtps%402020
test_company,dtps%402020
test_company,dtps%402020
test_company,dtps%402020
test_company,dtps%402020
test_company,dtps%402020
test_company,dtps%402020
test_company,dtps%402020
test_company,dtps%402020
test_company,dtps%402020
test_company,dtps%402020
test_company,dtps%402020
test_company,dtps%402020
test_company,dtps%402020
test_company,dtps%402020
test_company,dtps%402020
test_company,dtps%402020
test_company,dtps%402020
test_company,dtps%402020
test_company,dtps%402020
test_company,dtps%402020
test_company,dtps%402020
test_company,dtps%402020
test_company,dtps%402020
test_company,dtps%402020
test_company,dtps%402020
test_company,dtps%402020
test_company,dtps%402020
test_company,dtps%402020
test_company,dtps%402020
test_company,dtps%402020
test_company,dtps%402020
test_company,dtps%402020
test_company,dtps%402020
test_company,dtps%402020
test_company,dtps%402020
test_company,dtps%402020
test_company,dtps%402020
test_company,dtps%402020
test_company,dtps%402020
test_company,dtps%402020
test_company,dtps%402020
test_company,dtps%402020
test_company,dtps%402020
test_company,dtps%402020
test_company,dtps%402020
test_company,dtps%402020
test_company,dtps%402020
test_company,dtps%402020
test_company,dtps%402020
test_company,dtps%402020
test_company,dtps%402020
test_company,dtps%402020
test_company,dtps%402020
test_company,dtps%402020
test_company,dtps%402020
test_company,dtps%402020
test_company,dtps%402020
test_company,dtps%402020
test_company,dtps%402020
test_company,dtps%402020
test_company,dtps%402020
test_company,dtps%402020
test_company,dtps%402020
test_company,dtps%402020
test_company,dtps%402020
test_company,dtps%402020
test_company,dtps%402020
test_company,dtps%402020
test_company,dtps%402020
test_company,dtps%402020
test_company,dtps%402020
test_company,dtps%402020
test_company,dtps%402020
test_company,dtps%402020
test_company,dtps%402020
test_company,dtps%402020
test_company,dtps%402020
test_company,dtps%402020
test_company,dtps%402020
test_company,dtps%402020
test_company,dtps%402020
test_company,dtps%402020
test_company,dtps%402020
test_company,dtps%402020
test_company,dtps%402020
test_company,dtps%402020
test_company,dtps%402020
test_company,dtps%402020
test_company,dtps%402020
test_company,dtps%402020
test_company,dtps%402020
test_company,dtps%402020
test_company,dtps%402020
test_company,dtps%402020
test_company,dtps%402020
test_company,dtps%402020
test_company,dtps%402020
test_company,dtps%402020
test_company,dtps%402020
test_company,dtps%402020
test_company,dtps%402020
test_company,dtps%402020
test_company,dtps%402020
test_company,dtps%402020
test_company,dtps%402020
test_company,dtps%402020
test_company,dtps%402020
test_company,dtps%402020
test_company,dtps%402020
test_company,dtps%402020
test_company,dtps%402020
test_company,dtps%402020
test_company,dtps%402020
test_company,dtps%402020
test_company,dtps%402020
test_company,dtps%402020
test_company,dtps%402020
test_company,dtps%402020
test_company,dtps%402020
test_company,dtps%402020
test_company,dtps%402020
test_company,dtps%402020
test_company,dtps%402020
test_company,dtps%402020
test_company,dtps%402020
test_company,dtps%402020
test_company,dtps%402020
test_company,dtps%402020
test_company,dtps%402020
test_company,dtps%402020
test_company,dtps%402020
test_company,dtps%402020
test_company,dtps%402020
test_company,dtps%402020
test_company,dtps%402020
test_company,dtps%402020
test_company,dtps%402020
test_company,dtps%402020
test_company,dtps%402020
test_company,dtps%402020
test_company,dtps%402020
test_company,dtps%402020
test_company,dtps%402020
test_company,dtps%402020
test_company,dtps%402020
test_company,dtps%402020
test_company,dtps%402020
test_company,dtps%402020
test_company,dtps%402020
test_company,dtps%402020
test_company,dtps%402020
test_company,dtps%402020
test_company,dtps%402020
test_company,dtps%402020
test_company,dtps%402020
test_company,dtps%402020
test_company,dtps%402020
test_company,dtps%402020
test_company,dtps%402020
test_company,dtps%402020
test_company,dtps%402020
test_company,dtps%402020
test_company,dtps%402020
test_company,dtps%402020
test_company,dtps%402020
test_company,dtps%402020
test_company,dtps%402020
test_company,dtps%402020
test_company,dtps%402020
test_company,dtps%402020
test_company,dtps%402020
test_company,dtps%402020
test_company,dtps%402020
test_company,dtps%402020
test_company,dtps%402020
test_company,dtps%402020
test_company,dtps%402020
test_company,dtps%402020
test_company,dtps%402020
test_company,dtps%402020
test_company,dtps%402020
test_company,dtps%402020
test_company,dtps%402020
test_company,dtps%402020
test_company,dtps%402020
test_company,dtps%402020
test_company,dtps%402020
test_company,dtps%402020
test_company,dtps%402020
test_company,dtps%402020
test_company,dtps%402020
test_company,dtps%402020
test_company,dtps%402020
test_company,dtps%402020
test_company,dtps%402020
test_company,dtps%402020
test_company,dtps%402020
test_company,dtps%402020
test_company,dtps%402020
test_company,dtps%402020
test_company,dtps%402020
test_company,dtps%402020
test_company,dtps%402020
test_company,dtps%402020
test_company,dtps%402020
test_company,dtps%402020
test_company,dtps%402020
test_company,dtps%402020
test_company,dtps%402020
test_company,dtps%402020
test_company,dtps%402020
test_company,dtps%402020
test_company,dtps%402020
test_company,dtps%402020
test_company,dtps%402020
test_company,dtps%402020
test_company,dtps%402020
test_company,dtps%402020
test_company,dtps%402020
test_company,dtps%402020
test_company,dtps%402020
test_company,dtps%402020
test_company,dtps%402020
test_company,dtps%402020
test_company,dtps%402020
test_company,dtps%402020
test_company,dtps%402020
test_company,dtps%402020
test_company,dtps%402020
test_company,dtps%402020
test_company,dtps%402020
test_company,dtps%402020
test_company,dtps%402020
test_company,dtps%402020
test_company,dtps%402020
test_company,dtps%402020
test_company,dtps%402020
test_company,dtps%402020
test_company,dtps%402020
test_company,dtps%402020
test_company,dtps%402020
test_company,dtps%402020
test_company,dtps%402020
test_company,dtps%402020
test_company,dtps%402020
test_company,dtps%402020
test_company,dtps%402020
test_company,dtps%402020
test_company,dtps%402020
test_company,dtps%402020
test_company,dtps%402020
test_company,dtps%402020
test_company,dtps%402020
test_company,dtps%402020
test_company,dtps%402020
test_company,dtps%402020
test_company,dtps%402020
test_company,dtps%402020
test_company,dtps%402020
test_company,dtps%402020
test_company,dtps%402020
test_company,dtps%402020
test_company,dtps%402020
test_company,dtps%402020
test_company,dtps%402020
test_company,dtps%402020
test_company,dtps%402020
test_company,dtps%402020
test_company,dtps%402020
test_company,dtps%402020
test_company,dtps%402020
test_company,dtps%402020
test_company,dtps%402020
test_company,dtps%402020
test_company,dtps%402020
test_company,dtps%402020
test_company,dtps%402020
test_company,dtps%402020
test_company,dtps%402020
test_company,dtps%402020
test_company,dtps%402020
test_company,dtps%402020
test_company,dtps%402020
test_company,dtps%402020
test_company,dtps%402020
test_company,dtps%402020
test_company,dtps%402020
test_company,dtps%402020
test_company,dtps%402020
test_company,dtps%402020
test_company,dtps%402020
test_company,dtps%402020
test_company,dtps%402020
test_company,dtps%402020
test_company,dtps%402020
test_company,dtps%402020
test_company,dtps%402020
test_company,dtps%402020
test_company,dtps%402020
test_company,dtps%402020
test_company,dtps%402020
test_company,dtps%402020
test_company,dtps%402020
test_company,dtps%402020
test_company,dtps%402020
test_company,dtps%402020
test_company,dtps%402020
test_company,dtps%402020
test_company,dtps%402020
test_company,dtps%402020
test_company,dtps%402020
test_company,dtps%402020
test_company,dtps%402020
test_company,dtps%402020
test_company,dtps%402020
test_company,dtps%402020
test_company,dtps%402020
test_company,dtps%402020
test_company,dtps%402020
test_company,dtps%402020
test_company,dtps%402020
test_company,dtps%402020
test_company,dtps%402020
test_company,dtps%402020
test_company,dtps%402020
test_company,dtps%402020
test_company,dtps%402020
test_company,dtps%402020
test_company,dtps%402020
test_company,dtps%402020
test_company,dtps%402020
test_company,dtps%402020
test_company,dtps%402020
test_company,dtps%402020
test_company,dtps%402020
test_company,dtps%402020
test_company,dtps%402020
test_company,dtps%402020
test_company,dtps%402020
test_company,dtps%402020
test_company,dtps%402020
test_company,dtps%402020
test_company,dtps%402020
test_company,dtps%402020
test_company,dtps%402020
test_company,dtps%402020
test_company,dtps%402020
test_company,dtps%402020
test_company,dtps%402020
test_company,dtps%402020
test_company,dtps%402020
test_company,dtps%402020
test_company,dtps%402020
test_company,dtps%402020
test_company,dtps%402020
test_company,dtps%402020
test_company,dtps%402020
test_company,dtps%402020
test_company,dtps%402020
test_company,dtps%402020
test_company,dtps%402020
test_company,dtps%402020
test_company,dtps%402020
test_company,dtps%402020
test_company,dtps%402020
test_company,dtps%402020
test_company,dtps%402020
test_company,dtps%402020
test_company,dtps%402020
test_company,dtps%402020
test_company,dtps%402020
test_company,dtps%402020
test_company,dtps%402020
test_company,dtps%402020
test_company,dtps%402020
test_company,dtps%402020
test_company,dtps%402020
test_company,dtps%402020
test_company,dtps%402020
test_company,dtps%402020
test_company,dtps%402020
test_company,dtps%402020
test_company,dtps%402020
test_company,dtps%402020
test_company,dtps%402020
test_company,dtps%402020