p_UsernameGov,p_Password
govtestuser,dtps%402020
govtestuser,dtps%402020
govtestuser,dtps%402020
govtestuser,dtps%402020
govtestuser,dtps%402020
govtestuser,dtps%402020
govtestuser,dtps%402020
govtestuser,dtps%402020
govtestuser,dtps%402020
govtestuser,dtps%402020
govtestuser,dtps%402020
govtestuser,dtps%402020
govtestuser,dtps%402020
govtestuser,dtps%402020
govtestuser,dtps%402020
govtestuser,dtps%402020
govtestuser,dtps%402020
govtestuser,dtps%402020
govtestuser,dtps%402020
govtestuser,dtps%402020
govtestuser,dtps%402020
govtestuser,dtps%402020
govtestuser,dtps%402020
govtestuser,dtps%402020
govtestuser,dtps%402020
govtestuser,dtps%402020
govtestuser,dtps%402020
govtestuser,dtps%402020
govtestuser,dtps%402020
govtestuser,dtps%402020
govtestuser,dtps%402020
govtestuser,dtps%402020
govtestuser,dtps%402020
govtestuser,dtps%402020
govtestuser,dtps%402020
govtestuser,dtps%402020
govtestuser,dtps%402020
govtestuser,dtps%402020
govtestuser,dtps%402020
govtestuser,dtps%402020
govtestuser,dtps%402020
govtestuser,dtps%402020
govtestuser,dtps%402020
govtestuser,dtps%402020
govtestuser,dtps%402020
govtestuser,dtps%402020
govtestuser,dtps%402020
govtestuser,dtps%402020
govtestuser,dtps%402020
govtestuser,dtps%402020
govtestuser,dtps%402020
govtestuser,dtps%402020
govtestuser,dtps%402020
govtestuser,dtps%402020
govtestuser,dtps%402020
govtestuser,dtps%402020
govtestuser,dtps%402020
govtestuser,dtps%402020
govtestuser,dtps%402020
govtestuser,dtps%402020
govtestuser,dtps%402020
govtestuser,dtps%402020
govtestuser,dtps%402020
govtestuser,dtps%402020
govtestuser,dtps%402020
govtestuser,dtps%402020
govtestuser,dtps%402020
govtestuser,dtps%402020
govtestuser,dtps%402020
govtestuser,dtps%402020
govtestuser,dtps%402020
govtestuser,dtps%402020
govtestuser,dtps%402020
govtestuser,dtps%402020
govtestuser,dtps%402020
govtestuser,dtps%402020
govtestuser,dtps%402020
govtestuser,dtps%402020
govtestuser,dtps%402020
govtestuser,dtps%402020
govtestuser,dtps%402020
govtestuser,dtps%402020
govtestuser,dtps%402020
govtestuser,dtps%402020
govtestuser,dtps%402020
govtestuser,dtps%402020
govtestuser,dtps%402020
govtestuser,dtps%402020
govtestuser,dtps%402020
govtestuser,dtps%402020
govtestuser,dtps%402020
govtestuser,dtps%402020
govtestuser,dtps%402020
govtestuser,dtps%402020
govtestuser,dtps%402020
govtestuser,dtps%402020
govtestuser,dtps%402020
govtestuser,dtps%402020
govtestuser,dtps%402020
govtestuser,dtps%402020
govtestuser,dtps%402020
govtestuser,dtps%402020
govtestuser,dtps%402020
govtestuser,dtps%402020
govtestuser,dtps%402020
govtestuser,dtps%402020
govtestuser,dtps%402020
govtestuser,dtps%402020
govtestuser,dtps%402020
govtestuser,dtps%402020
govtestuser,dtps%402020
govtestuser,dtps%402020
govtestuser,dtps%402020
govtestuser,dtps%402020
govtestuser,dtps%402020
govtestuser,dtps%402020
govtestuser,dtps%402020
govtestuser,dtps%402020
govtestuser,dtps%402020
govtestuser,dtps%402020
govtestuser,dtps%402020
govtestuser,dtps%402020
govtestuser,dtps%402020
govtestuser,dtps%402020
govtestuser,dtps%402020
govtestuser,dtps%402020
govtestuser,dtps%402020
govtestuser,dtps%402020
govtestuser,dtps%402020
govtestuser,dtps%402020
govtestuser,dtps%402020
govtestuser,dtps%402020
govtestuser,dtps%402020
govtestuser,dtps%402020
govtestuser,dtps%402020
govtestuser,dtps%402020
govtestuser,dtps%402020
govtestuser,dtps%402020
govtestuser,dtps%402020
govtestuser,dtps%402020
govtestuser,dtps%402020
govtestuser,dtps%402020
govtestuser,dtps%402020
govtestuser,dtps%402020
govtestuser,dtps%402020
govtestuser,dtps%402020
govtestuser,dtps%402020
govtestuser,dtps%402020
govtestuser,dtps%402020
govtestuser,dtps%402020
govtestuser,dtps%402020
govtestuser,dtps%402020
govtestuser,dtps%402020
govtestuser,dtps%402020
govtestuser,dtps%402020
govtestuser,dtps%402020
govtestuser,dtps%402020
govtestuser,dtps%402020
govtestuser,dtps%402020
govtestuser,dtps%402020
govtestuser,dtps%402020
govtestuser,dtps%402020
govtestuser,dtps%402020
govtestuser,dtps%402020
govtestuser,dtps%402020
govtestuser,dtps%402020
govtestuser,dtps%402020
govtestuser,dtps%402020
govtestuser,dtps%402020
govtestuser,dtps%402020
govtestuser,dtps%402020
govtestuser,dtps%402020
govtestuser,dtps%402020
govtestuser,dtps%402020
govtestuser,dtps%402020
govtestuser,dtps%402020
govtestuser,dtps%402020
govtestuser,dtps%402020
govtestuser,dtps%402020
govtestuser,dtps%402020
govtestuser,dtps%402020
govtestuser,dtps%402020
govtestuser,dtps%402020
govtestuser,dtps%402020
govtestuser,dtps%402020
govtestuser,dtps%402020
govtestuser,dtps%402020
govtestuser,dtps%402020
govtestuser,dtps%402020
govtestuser,dtps%402020
govtestuser,dtps%402020
govtestuser,dtps%402020
govtestuser,dtps%402020
govtestuser,dtps%402020
govtestuser,dtps%402020
govtestuser,dtps%402020
govtestuser,dtps%402020
govtestuser,dtps%402020
govtestuser,dtps%402020
govtestuser,dtps%402020
govtestuser,dtps%402020
govtestuser,dtps%402020
govtestuser,dtps%402020
govtestuser,dtps%402020
govtestuser,dtps%402020
govtestuser,dtps%402020
govtestuser,dtps%402020
govtestuser,dtps%402020
govtestuser,dtps%402020
govtestuser,dtps%402020
govtestuser,dtps%402020
govtestuser,dtps%402020
govtestuser,dtps%402020
govtestuser,dtps%402020
govtestuser,dtps%402020
govtestuser,dtps%402020
govtestuser,dtps%402020
govtestuser,dtps%402020
govtestuser,dtps%402020
govtestuser,dtps%402020
govtestuser,dtps%402020
govtestuser,dtps%402020
govtestuser,dtps%402020
govtestuser,dtps%402020
govtestuser,dtps%402020
govtestuser,dtps%402020
govtestuser,dtps%402020
govtestuser,dtps%402020
govtestuser,dtps%402020
govtestuser,dtps%402020
govtestuser,dtps%402020
govtestuser,dtps%402020
govtestuser,dtps%402020
govtestuser,dtps%402020
govtestuser,dtps%402020
govtestuser,dtps%402020
govtestuser,dtps%402020
govtestuser,dtps%402020
govtestuser,dtps%402020
govtestuser,dtps%402020
govtestuser,dtps%402020
govtestuser,dtps%402020
govtestuser,dtps%402020
govtestuser,dtps%402020
govtestuser,dtps%402020
govtestuser,dtps%402020
govtestuser,dtps%402020
govtestuser,dtps%402020
govtestuser,dtps%402020
govtestuser,dtps%402020
govtestuser,dtps%402020
govtestuser,dtps%402020
govtestuser,dtps%402020
govtestuser,dtps%402020
govtestuser,dtps%402020
govtestuser,dtps%402020
govtestuser,dtps%402020
govtestuser,dtps%402020
govtestuser,dtps%402020
govtestuser,dtps%402020
govtestuser,dtps%402020
govtestuser,dtps%402020
govtestuser,dtps%402020
govtestuser,dtps%402020
govtestuser,dtps%402020
govtestuser,dtps%402020
govtestuser,dtps%402020
govtestuser,dtps%402020
govtestuser,dtps%402020
govtestuser,dtps%402020
govtestuser,dtps%402020
govtestuser,dtps%402020
govtestuser,dtps%402020
govtestuser,dtps%402020
govtestuser,dtps%402020
govtestuser,dtps%402020
govtestuser,dtps%402020
govtestuser,dtps%402020
govtestuser,dtps%402020
govtestuser,dtps%402020
govtestuser,dtps%402020
govtestuser,dtps%402020
govtestuser,dtps%402020
govtestuser,dtps%402020
govtestuser,dtps%402020
govtestuser,dtps%402020
govtestuser,dtps%402020
govtestuser,dtps%402020
govtestuser,dtps%402020
govtestuser,dtps%402020
govtestuser,dtps%402020
govtestuser,dtps%402020
govtestuser,dtps%402020
govtestuser,dtps%402020
govtestuser,dtps%402020
govtestuser,dtps%402020
govtestuser,dtps%402020
govtestuser,dtps%402020
govtestuser,dtps%402020
govtestuser,dtps%402020
govtestuser,dtps%402020
govtestuser,dtps%402020
govtestuser,dtps%402020
govtestuser,dtps%402020
govtestuser,dtps%402020
govtestuser,dtps%402020
govtestuser,dtps%402020
govtestuser,dtps%402020
govtestuser,dtps%402020
govtestuser,dtps%402020
govtestuser,dtps%402020
govtestuser,dtps%402020
govtestuser,dtps%402020
govtestuser,dtps%402020
govtestuser,dtps%402020
govtestuser,dtps%402020
govtestuser,dtps%402020
govtestuser,dtps%402020
govtestuser,dtps%402020
govtestuser,dtps%402020
govtestuser,dtps%402020
govtestuser,dtps%402020
govtestuser,dtps%402020
govtestuser,dtps%402020
govtestuser,dtps%402020
govtestuser,dtps%402020
govtestuser,dtps%402020
govtestuser,dtps%402020
govtestuser,dtps%402020
govtestuser,dtps%402020
govtestuser,dtps%402020
govtestuser,dtps%402020
govtestuser,dtps%402020
govtestuser,dtps%402020
govtestuser,dtps%402020
govtestuser,dtps%402020
govtestuser,dtps%402020
govtestuser,dtps%402020
govtestuser,dtps%402020
govtestuser,dtps%402020
govtestuser,dtps%402020
govtestuser,dtps%402020
govtestuser,dtps%402020
govtestuser,dtps%402020
govtestuser,dtps%402020
govtestuser,dtps%402020
govtestuser,dtps%402020
govtestuser,dtps%402020
govtestuser,dtps%402020
govtestuser,dtps%402020
govtestuser,dtps%402020
govtestuser,dtps%402020
govtestuser,dtps%402020
govtestuser,dtps%402020
govtestuser,dtps%402020
govtestuser,dtps%402020
govtestuser,dtps%402020
govtestuser,dtps%402020
govtestuser,dtps%402020
govtestuser,dtps%402020
govtestuser,dtps%402020
govtestuser,dtps%402020
govtestuser,dtps%402020
govtestuser,dtps%402020
govtestuser,dtps%402020
govtestuser,dtps%402020
govtestuser,dtps%402020
govtestuser,dtps%402020
govtestuser,dtps%402020
govtestuser,dtps%402020
govtestuser,dtps%402020
govtestuser,dtps%402020
govtestuser,dtps%402020
govtestuser,dtps%402020
govtestuser,dtps%402020
govtestuser,dtps%402020
govtestuser,dtps%402020
govtestuser,dtps%402020
govtestuser,dtps%402020
govtestuser,dtps%402020
govtestuser,dtps%402020
govtestuser,dtps%402020
govtestuser,dtps%402020
govtestuser,dtps%402020
govtestuser,dtps%402020
govtestuser,dtps%402020
govtestuser,dtps%402020
govtestuser,dtps%402020
govtestuser,dtps%402020
govtestuser,dtps%402020
govtestuser,dtps%402020
govtestuser,dtps%402020
govtestuser,dtps%402020
govtestuser,dtps%402020
govtestuser,dtps%402020
govtestuser,dtps%402020
govtestuser,dtps%402020
govtestuser,dtps%402020
govtestuser,dtps%402020
govtestuser,dtps%402020
govtestuser,dtps%402020
govtestuser,dtps%402020
govtestuser,dtps%402020
govtestuser,dtps%402020
govtestuser,dtps%402020
govtestuser,dtps%402020
govtestuser,dtps%402020
govtestuser,dtps%402020
govtestuser,dtps%402020
govtestuser,dtps%402020
govtestuser,dtps%402020
govtestuser,dtps%402020
govtestuser,dtps%402020
govtestuser,dtps%402020
govtestuser,dtps%402020
govtestuser,dtps%402020
govtestuser,dtps%402020
govtestuser,dtps%402020
govtestuser,dtps%402020
govtestuser,dtps%402020
govtestuser,dtps%402020
govtestuser,dtps%402020
govtestuser,dtps%402020
govtestuser,dtps%402020
govtestuser,dtps%402020
govtestuser,dtps%402020
govtestuser,dtps%402020
govtestuser,dtps%402020
govtestuser,dtps%402020
govtestuser,dtps%402020
govtestuser,dtps%402020
govtestuser,dtps%402020
govtestuser,dtps%402020
govtestuser,dtps%402020
govtestuser,dtps%402020
govtestuser,dtps%402020
govtestuser,dtps%402020
govtestuser,dtps%402020
govtestuser,dtps%402020
govtestuser,dtps%402020
govtestuser,dtps%402020
govtestuser,dtps%402020
govtestuser,dtps%402020
govtestuser,dtps%402020
govtestuser,dtps%402020
govtestuser,dtps%402020
govtestuser,dtps%402020
govtestuser,dtps%402020
govtestuser,dtps%402020
govtestuser,dtps%402020
govtestuser,dtps%402020
govtestuser,dtps%402020
govtestuser,dtps%402020
govtestuser,dtps%402020
govtestuser,dtps%402020
govtestuser,dtps%402020
govtestuser,dtps%402020
govtestuser,dtps%402020
govtestuser,dtps%402020
govtestuser,dtps%402020
govtestuser,dtps%402020
govtestuser,dtps%402020
govtestuser,dtps%402020
govtestuser,dtps%402020
govtestuser,dtps%402020
govtestuser,dtps%402020
govtestuser,dtps%402020
govtestuser,dtps%402020
govtestuser,dtps%402020
govtestuser,dtps%402020
govtestuser,dtps%402020
govtestuser,dtps%402020
govtestuser,dtps%402020
govtestuser,dtps%402020
govtestuser,dtps%402020
govtestuser,dtps%402020
govtestuser,dtps%402020
govtestuser,dtps%402020
govtestuser,dtps%402020
govtestuser,dtps%402020
govtestuser,dtps%402020
govtestuser,dtps%402020
govtestuser,dtps%402020
govtestuser,dtps%402020
govtestuser,dtps%402020
govtestuser,dtps%402020
govtestuser,dtps%402020
govtestuser,dtps%402020
govtestuser,dtps%402020
govtestuser,dtps%402020
govtestuser,dtps%402020
govtestuser,dtps%402020
govtestuser,dtps%402020
govtestuser,dtps%402020
govtestuser,dtps%402020
govtestuser,dtps%402020
govtestuser,dtps%402020
govtestuser,dtps%402020
govtestuser,dtps%402020
govtestuser,dtps%402020
govtestuser,dtps%402020
govtestuser,dtps%402020
govtestuser,dtps%402020
govtestuser,dtps%402020
govtestuser,dtps%402020
govtestuser,dtps%402020
govtestuser,dtps%402020
govtestuser,dtps%402020
govtestuser,dtps%402020
govtestuser,dtps%402020
govtestuser,dtps%402020
govtestuser,dtps%402020
govtestuser,dtps%402020
govtestuser,dtps%402020
govtestuser,dtps%402020
govtestuser,dtps%402020
govtestuser,dtps%402020
govtestuser,dtps%402020
govtestuser,dtps%402020
govtestuser,dtps%402020
govtestuser,dtps%402020
govtestuser,dtps%402020
govtestuser,dtps%402020
govtestuser,dtps%402020
govtestuser,dtps%402020
govtestuser,dtps%402020
govtestuser,dtps%402020
govtestuser,dtps%402020
govtestuser,dtps%402020
govtestuser,dtps%402020
govtestuser,dtps%402020
govtestuser,dtps%402020
govtestuser,dtps%402020
govtestuser,dtps%402020
govtestuser,dtps%402020
govtestuser,dtps%402020
govtestuser,dtps%402020
govtestuser,dtps%402020
govtestuser,dtps%402020
govtestuser,dtps%402020
govtestuser,dtps%402020
govtestuser,dtps%402020
govtestuser,dtps%402020
govtestuser,dtps%402020
govtestuser,dtps%402020
govtestuser,dtps%402020
govtestuser,dtps%402020
govtestuser,dtps%402020
govtestuser,dtps%402020
govtestuser,dtps%402020
govtestuser,dtps%402020
govtestuser,dtps%402020
govtestuser,dtps%402020
govtestuser,dtps%402020
govtestuser,dtps%402020
govtestuser,dtps%402020
govtestuser,dtps%402020
govtestuser,dtps%402020
govtestuser,dtps%402020
govtestuser,dtps%402020
govtestuser,dtps%402020
govtestuser,dtps%402020
govtestuser,dtps%402020
govtestuser,dtps%402020
govtestuser,dtps%402020
govtestuser,dtps%402020
govtestuser,dtps%402020
govtestuser,dtps%402020
govtestuser,dtps%402020
govtestuser,dtps%402020
govtestuser,dtps%402020
govtestuser,dtps%402020
govtestuser,dtps%402020
govtestuser,dtps%402020
govtestuser,dtps%402020
govtestuser,dtps%402020
govtestuser,dtps%402020
govtestuser,dtps%402020
govtestuser,dtps%402020
govtestuser,dtps%402020
govtestuser,dtps%402020
govtestuser,dtps%402020
govtestuser,dtps%402020
govtestuser,dtps%402020
govtestuser,dtps%402020
govtestuser,dtps%402020
govtestuser,dtps%402020
govtestuser,dtps%402020
govtestuser,dtps%402020
govtestuser,dtps%402020
govtestuser,dtps%402020
govtestuser,dtps%402020
govtestuser,dtps%402020
govtestuser,dtps%402020
govtestuser,dtps%402020
govtestuser,dtps%402020
govtestuser,dtps%402020
govtestuser,dtps%402020
govtestuser,dtps%402020
govtestuser,dtps%402020
govtestuser,dtps%402020
govtestuser,dtps%402020
govtestuser,dtps%402020
govtestuser,dtps%402020
govtestuser,dtps%402020
govtestuser,dtps%402020
govtestuser,dtps%402020
govtestuser,dtps%402020
govtestuser,dtps%402020
govtestuser,dtps%402020
govtestuser,dtps%402020
govtestuser,dtps%402020
govtestuser,dtps%402020
govtestuser,dtps%402020
govtestuser,dtps%402020
govtestuser,dtps%402020
govtestuser,dtps%402020
govtestuser,dtps%402020
govtestuser,dtps%402020
govtestuser,dtps%402020
govtestuser,dtps%402020
govtestuser,dtps%402020
govtestuser,dtps%402020
govtestuser,dtps%402020
govtestuser,dtps%402020
govtestuser,dtps%402020
govtestuser,dtps%402020
govtestuser,dtps%402020
govtestuser,dtps%402020
govtestuser,dtps%402020
govtestuser,dtps%402020
govtestuser,dtps%402020
govtestuser,dtps%402020
govtestuser,dtps%402020
govtestuser,dtps%402020
govtestuser,dtps%402020
govtestuser,dtps%402020
govtestuser,dtps%402020
govtestuser,dtps%402020
govtestuser,dtps%402020
govtestuser,dtps%402020
govtestuser,dtps%402020
govtestuser,dtps%402020
govtestuser,dtps%402020
govtestuser,dtps%402020
govtestuser,dtps%402020
govtestuser,dtps%402020
govtestuser,dtps%402020
govtestuser,dtps%402020
govtestuser,dtps%402020
govtestuser,dtps%402020
govtestuser,dtps%402020
govtestuser,dtps%402020
govtestuser,dtps%402020
govtestuser,dtps%402020
govtestuser,dtps%402020
govtestuser,dtps%402020
govtestuser,dtps%402020
govtestuser,dtps%402020
govtestuser,dtps%402020
govtestuser,dtps%402020
govtestuser,dtps%402020
govtestuser,dtps%402020
govtestuser,dtps%402020
govtestuser,dtps%402020
govtestuser,dtps%402020
govtestuser,dtps%402020
govtestuser,dtps%402020
govtestuser,dtps%402020
govtestuser,dtps%402020
govtestuser,dtps%402020
govtestuser,dtps%402020
govtestuser,dtps%402020
govtestuser,dtps%402020
govtestuser,dtps%402020
govtestuser,dtps%402020
govtestuser,dtps%402020
govtestuser,dtps%402020
govtestuser,dtps%402020
govtestuser,dtps%402020
govtestuser,dtps%402020
govtestuser,dtps%402020
govtestuser,dtps%402020
govtestuser,dtps%402020
govtestuser,dtps%402020
govtestuser,dtps%402020
govtestuser,dtps%402020
govtestuser,dtps%402020
govtestuser,dtps%402020
govtestuser,dtps%402020
govtestuser,dtps%402020
govtestuser,dtps%402020
govtestuser,dtps%402020
govtestuser,dtps%402020
govtestuser,dtps%402020
govtestuser,dtps%402020
govtestuser,dtps%402020
govtestuser,dtps%402020
govtestuser,dtps%402020
govtestuser,dtps%402020
govtestuser,dtps%402020
govtestuser,dtps%402020
govtestuser,dtps%402020
govtestuser,dtps%402020
govtestuser,dtps%402020
govtestuser,dtps%402020
govtestuser,dtps%402020
govtestuser,dtps%402020
govtestuser,dtps%402020
govtestuser,dtps%402020
govtestuser,dtps%402020
govtestuser,dtps%402020
govtestuser,dtps%402020
govtestuser,dtps%402020
govtestuser,dtps%402020
govtestuser,dtps%402020
govtestuser,dtps%402020
govtestuser,dtps%402020
govtestuser,dtps%402020
govtestuser,dtps%402020
govtestuser,dtps%402020
govtestuser,dtps%402020
govtestuser,dtps%402020
govtestuser,dtps%402020
govtestuser,dtps%402020
govtestuser,dtps%402020
govtestuser,dtps%402020
govtestuser,dtps%402020
govtestuser,dtps%402020
govtestuser,dtps%402020
govtestuser,dtps%402020
govtestuser,dtps%402020
govtestuser,dtps%402020
govtestuser,dtps%402020
govtestuser,dtps%402020
govtestuser,dtps%402020
govtestuser,dtps%402020
govtestuser,dtps%402020
govtestuser,dtps%402020
govtestuser,dtps%402020
govtestuser,dtps%402020
govtestuser,dtps%402020
govtestuser,dtps%402020
govtestuser,dtps%402020
govtestuser,dtps%402020
govtestuser,dtps%402020
govtestuser,dtps%402020
govtestuser,dtps%402020
govtestuser,dtps%402020
govtestuser,dtps%402020
govtestuser,dtps%402020
govtestuser,dtps%402020
govtestuser,dtps%402020
govtestuser,dtps%402020
govtestuser,dtps%402020
govtestuser,dtps%402020
govtestuser,dtps%402020
govtestuser,dtps%402020
govtestuser,dtps%402020
govtestuser,dtps%402020
govtestuser,dtps%402020
govtestuser,dtps%402020
govtestuser,dtps%402020
govtestuser,dtps%402020
govtestuser,dtps%402020
govtestuser,dtps%402020
govtestuser,dtps%402020
govtestuser,dtps%402020
govtestuser,dtps%402020
govtestuser,dtps%402020
govtestuser,dtps%402020
govtestuser,dtps%402020
govtestuser,dtps%402020
govtestuser,dtps%402020
govtestuser,dtps%402020
govtestuser,dtps%402020
govtestuser,dtps%402020
govtestuser,dtps%402020
govtestuser,dtps%402020
govtestuser,dtps%402020
govtestuser,dtps%402020
govtestuser,dtps%402020
govtestuser,dtps%402020
govtestuser,dtps%402020
govtestuser,dtps%402020
govtestuser,dtps%402020
govtestuser,dtps%402020
govtestuser,dtps%402020
govtestuser,dtps%402020
govtestuser,dtps%402020
govtestuser,dtps%402020
govtestuser,dtps%402020
govtestuser,dtps%402020
govtestuser,dtps%402020
govtestuser,dtps%402020
govtestuser,dtps%402020
govtestuser,dtps%402020
govtestuser,dtps%402020
govtestuser,dtps%402020
govtestuser,dtps%402020
govtestuser,dtps%402020
govtestuser,dtps%402020
govtestuser,dtps%402020
govtestuser,dtps%402020
govtestuser,dtps%402020
govtestuser,dtps%402020
govtestuser,dtps%402020
govtestuser,dtps%402020
govtestuser,dtps%402020
govtestuser,dtps%402020
govtestuser,dtps%402020
govtestuser,dtps%402020
govtestuser,dtps%402020
govtestuser,dtps%402020
govtestuser,dtps%402020
govtestuser,dtps%402020
govtestuser,dtps%402020
govtestuser,dtps%402020
govtestuser,dtps%402020
govtestuser,dtps%402020
govtestuser,dtps%402020
govtestuser,dtps%402020
govtestuser,dtps%402020
govtestuser,dtps%402020
govtestuser,dtps%402020
govtestuser,dtps%402020
govtestuser,dtps%402020
govtestuser,dtps%402020
govtestuser,dtps%402020
govtestuser,dtps%402020
govtestuser,dtps%402020
govtestuser,dtps%402020
govtestuser,dtps%402020
govtestuser,dtps%402020
govtestuser,dtps%402020
govtestuser,dtps%402020
govtestuser,dtps%402020
govtestuser,dtps%402020
govtestuser,dtps%402020
govtestuser,dtps%402020
govtestuser,dtps%402020
govtestuser,dtps%402020
govtestuser,dtps%402020
govtestuser,dtps%402020
govtestuser,dtps%402020
govtestuser,dtps%402020
govtestuser,dtps%402020
govtestuser,dtps%402020
govtestuser,dtps%402020
govtestuser,dtps%402020
govtestuser,dtps%402020
govtestuser,dtps%402020
govtestuser,dtps%402020
govtestuser,dtps%402020
govtestuser,dtps%402020
govtestuser,dtps%402020
govtestuser,dtps%402020
govtestuser,dtps%402020
govtestuser,dtps%402020
govtestuser,dtps%402020
govtestuser,dtps%402020
govtestuser,dtps%402020
govtestuser,dtps%402020
govtestuser,dtps%402020
govtestuser,dtps%402020
govtestuser,dtps%402020
govtestuser,dtps%402020
govtestuser,dtps%402020
govtestuser,dtps%402020
govtestuser,dtps%402020
govtestuser,dtps%402020
govtestuser,dtps%402020
govtestuser,dtps%402020
govtestuser,dtps%402020
govtestuser,dtps%402020
govtestuser,dtps%402020
govtestuser,dtps%402020
govtestuser,dtps%402020
govtestuser,dtps%402020
govtestuser,dtps%402020
govtestuser,dtps%402020
govtestuser,dtps%402020
govtestuser,dtps%402020
govtestuser,dtps%402020
govtestuser,dtps%402020
govtestuser,dtps%402020
govtestuser,dtps%402020
govtestuser,dtps%402020
govtestuser,dtps%402020
govtestuser,dtps%402020
govtestuser,dtps%402020
govtestuser,dtps%402020
govtestuser,dtps%402020
govtestuser,dtps%402020
govtestuser,dtps%402020
govtestuser,dtps%402020
govtestuser,dtps%402020
govtestuser,dtps%402020
govtestuser,dtps%402020
govtestuser,dtps%402020
govtestuser,dtps%402020
govtestuser,dtps%402020
govtestuser,dtps%402020
govtestuser,dtps%402020
govtestuser,dtps%402020
govtestuser,dtps%402020
govtestuser,dtps%402020
govtestuser,dtps%402020
govtestuser,dtps%402020
govtestuser,dtps%402020
govtestuser,dtps%402020
govtestuser,dtps%402020
govtestuser,dtps%402020
govtestuser,dtps%402020
govtestuser,dtps%402020
govtestuser,dtps%402020
govtestuser,dtps%402020
govtestuser,dtps%402020
govtestuser,dtps%402020
govtestuser,dtps%402020
govtestuser,dtps%402020
govtestuser,dtps%402020
govtestuser,dtps%402020
govtestuser,dtps%402020
govtestuser,dtps%402020
govtestuser,dtps%402020
govtestuser,dtps%402020
govtestuser,dtps%402020
govtestuser,dtps%402020
govtestuser,dtps%402020
govtestuser,dtps%402020
govtestuser,dtps%402020
govtestuser,dtps%402020
govtestuser,dtps%402020
govtestuser,dtps%402020
govtestuser,dtps%402020
govtestuser,dtps%402020
govtestuser,dtps%402020
govtestuser,dtps%402020
govtestuser,dtps%402020
govtestuser,dtps%402020
govtestuser,dtps%402020
govtestuser,dtps%402020
govtestuser,dtps%402020
govtestuser,dtps%402020
govtestuser,dtps%402020
govtestuser,dtps%402020
govtestuser,dtps%402020
govtestuser,dtps%402020
govtestuser,dtps%402020
govtestuser,dtps%402020
govtestuser,dtps%402020
govtestuser,dtps%402020
govtestuser,dtps%402020
govtestuser,dtps%402020
govtestuser,dtps%402020
govtestuser,dtps%402020
govtestuser,dtps%402020
govtestuser,dtps%402020
govtestuser,dtps%402020
govtestuser,dtps%402020
govtestuser,dtps%402020
govtestuser,dtps%402020
govtestuser,dtps%402020
govtestuser,dtps%402020
govtestuser,dtps%402020
govtestuser,dtps%402020
govtestuser,dtps%402020
govtestuser,dtps%402020
govtestuser,dtps%402020
govtestuser,dtps%402020
govtestuser,dtps%402020
govtestuser,dtps%402020
govtestuser,dtps%402020
govtestuser,dtps%402020
govtestuser,dtps%402020
govtestuser,dtps%402020
govtestuser,dtps%402020
govtestuser,dtps%402020
govtestuser,dtps%402020
govtestuser,dtps%402020
govtestuser,dtps%402020
govtestuser,dtps%402020
govtestuser,dtps%402020
govtestuser,dtps%402020
govtestuser,dtps%402020
govtestuser,dtps%402020
govtestuser,dtps%402020
govtestuser,dtps%402020
govtestuser,dtps%402020
govtestuser,dtps%402020
govtestuser,dtps%402020
govtestuser,dtps%402020
govtestuser,dtps%402020
govtestuser,dtps%402020
govtestuser,dtps%402020
govtestuser,dtps%402020
govtestuser,dtps%402020
govtestuser,dtps%402020
govtestuser,dtps%402020
govtestuser,dtps%402020
govtestuser,dtps%402020
govtestuser,dtps%402020
govtestuser,dtps%402020
govtestuser,dtps%402020
govtestuser,dtps%402020
govtestuser,dtps%402020
govtestuser,dtps%402020
govtestuser,dtps%402020
govtestuser,dtps%402020
govtestuser,dtps%402020
govtestuser,dtps%402020
govtestuser,dtps%402020
govtestuser,dtps%402020
govtestuser,dtps%402020