p_Username,p_Password
PerfTestIndi13504,dtps%402020
PerfTestIndi22664,dtps%402020
PerfTestIndi90869,dtps%402020
PerfTestIndi6786,dtps%402020
PerfTestIndi69819,dtps%402020
PerfTestIndi7411,dtps%402020
PerfTestIndi87604,dtps%402020
PerfTestIndi26568,dtps%402020
PerfTestIndi57364,dtps%402020
PerfTestIndi24728,dtps%402020
PerfTestIndi58941,dtps%402020
PerfTestIndi49492,dtps%402020
PerfTestIndi63477,dtps%402020
PerfTestIndi83496,dtps%402020
PerfTestIndi6944,dtps%402020
PerfTestIndi16445,dtps%402020
PerfTestIndi2048,dtps%402020
PerfTestIndi10477,dtps%402020
PerfTestIndi9956,dtps%402020
PerfTestIndi19363,dtps%402020
PerfTestIndi70363,dtps%402020
PerfTestIndi87207,dtps%402020
PerfTestIndi33427,dtps%402020
PerfTestIndi39428,dtps%402020
PerfTestIndi18937,dtps%402020
PerfTestIndi34841,dtps%402020
PerfTestIndi79886,dtps%402020
PerfTestIndi39986,dtps%402020
PerfTestIndi57470,dtps%402020
PerfTestIndi34465,dtps%402020
PerfTestIndi16318,dtps%402020
PerfTestIndi19136,dtps%402020
PerfTestIndi11196,dtps%402020
PerfTestIndi84190,dtps%402020
PerfTestIndi99647,dtps%402020
PerfTestIndi12348,dtps%402020
PerfTestIndi95046,dtps%402020
PerfTestIndi10186,dtps%402020
PerfTestIndi36941,dtps%402020
PerfTestIndi75651,dtps%402020
PerfTestIndi1645,dtps%402020
PerfTestIndi93412,dtps%402020
PerfTestIndi32273,dtps%402020
PerfTestIndi96176,dtps%402020
PerfTestIndi49476,dtps%402020
PerfTestIndi42484,dtps%402020
PerfTestIndi45607,dtps%402020
PerfTestIndi70081,dtps%402020
PerfTestIndi40960,dtps%402020
PerfTestIndi64050,dtps%402020
PerfTestIndi18596,dtps%402020
PerfTestIndi24946,dtps%402020
PerfTestIndi37786,dtps%402020
PerfTestIndi77302,dtps%402020
PerfTestIndi58553,dtps%402020
PerfTestIndi62403,dtps%402020
PerfTestIndi79185,dtps%402020
PerfTestIndi49338,dtps%402020
PerfTestIndi86193,dtps%402020
PerfTestIndi99851,dtps%402020
PerfTestIndi15519,dtps%402020
PerfTestIndi71342,dtps%402020
PerfTestIndi6812,dtps%402020
PerfTestIndi61245,dtps%402020
PerfTestIndi31869,dtps%402020
PerfTestIndi6406,dtps%402020
PerfTestIndi6546,dtps%402020
PerfTestIndi63944,dtps%402020
PerfTestIndi88553,dtps%402020
PerfTestIndi12587,dtps%402020
PerfTestIndi29968,dtps%402020
PerfTestIndi67183,dtps%402020
PerfTestIndi84563,dtps%402020
PerfTestIndi98403,dtps%402020
PerfTestIndi28960,dtps%402020
PerfTestIndi88901,dtps%402020
PerfTestIndi90075,dtps%402020
PerfTestIndi99617,dtps%402020
PerfTestIndi51546,dtps%402020
PerfTestIndi63443,dtps%402020
PerfTestIndi3123,dtps%402020
PerfTestIndi37878,dtps%402020
PerfTestIndi36298,dtps%402020
PerfTestIndi96839,dtps%402020
PerfTestIndi13553,dtps%402020
PerfTestIndi36591,dtps%402020
PerfTestIndi12939,dtps%402020
PerfTestIndi17396,dtps%402020
PerfTestIndi87862,dtps%402020
PerfTestIndi42041,dtps%402020
PerfTestIndi68719,dtps%402020
PerfTestIndi75138,dtps%402020
PerfTestIndi19653,dtps%402020
PerfTestIndi84249,dtps%402020
PerfTestIndi36029,dtps%402020
PerfTestIndi47978,dtps%402020
PerfTestIndi5476,dtps%402020
PerfTestIndi4952,dtps%402020
PerfTestIndi81555,dtps%402020
PerfTestIndi19584,dtps%402020
PerfTestIndi93020,dtps%402020
PerfTestIndi764,dtps%402020
PerfTestIndi21241,dtps%402020
PerfTestIndi22818,dtps%402020
PerfTestIndi91937,dtps%402020
PerfTestIndi20726,dtps%402020
PerfTestIndi87121,dtps%402020
PerfTestIndi7321,dtps%402020
PerfTestIndi19264,dtps%402020
PerfTestIndi7836,dtps%402020
PerfTestIndi33657,dtps%402020
PerfTestIndi38373,dtps%402020
PerfTestIndi60009,dtps%402020
PerfTestIndi33745,dtps%402020
PerfTestIndi48086,dtps%402020
PerfTestIndi15422,dtps%402020
PerfTestIndi25157,dtps%402020
PerfTestIndi89303,dtps%402020
PerfTestIndi2170,dtps%402020
PerfTestIndi90863,dtps%402020
PerfTestIndi44343,dtps%402020
PerfTestIndi86489,dtps%402020
PerfTestIndi2022,dtps%402020
PerfTestIndi64338,dtps%402020
PerfTestIndi40575,dtps%402020
PerfTestIndi32715,dtps%402020
PerfTestIndi8917,dtps%402020
PerfTestIndi45859,dtps%402020
PerfTestIndi24721,dtps%402020
PerfTestIndi18226,dtps%402020
PerfTestIndi37882,dtps%402020
PerfTestIndi18119,dtps%402020
PerfTestIndi99305,dtps%402020
PerfTestIndi41627,dtps%402020
PerfTestIndi66750,dtps%402020
PerfTestIndi16178,dtps%402020
PerfTestIndi13082,dtps%402020
PerfTestIndi40561,dtps%402020
PerfTestIndi75213,dtps%402020
PerfTestIndi12392,dtps%402020
PerfTestIndi30813,dtps%402020
PerfTestIndi43362,dtps%402020
PerfTestIndi29316,dtps%402020
PerfTestIndi48613,dtps%402020
PerfTestIndi27022,dtps%402020
PerfTestIndi9583,dtps%402020
PerfTestIndi57182,dtps%402020
PerfTestIndi41662,dtps%402020
PerfTestIndi26443,dtps%402020
PerfTestIndi21891,dtps%402020
PerfTestIndi97256,dtps%402020
PerfTestIndi62930,dtps%402020
PerfTestIndi15484,dtps%402020
PerfTestIndi56013,dtps%402020
PerfTestIndi52113,dtps%402020
PerfTestIndi17066,dtps%402020
PerfTestIndi34962,dtps%402020
PerfTestIndi76070,dtps%402020
PerfTestIndi55409,dtps%402020
PerfTestIndi87987,dtps%402020
PerfTestIndi67725,dtps%402020
PerfTestIndi35554,dtps%402020
PerfTestIndi35444,dtps%402020
PerfTestIndi11304,dtps%402020
PerfTestIndi29958,dtps%402020
PerfTestIndi17364,dtps%402020
PerfTestIndi91519,dtps%402020
PerfTestIndi89528,dtps%402020
PerfTestIndi46495,dtps%402020
PerfTestIndi38194,dtps%402020
PerfTestIndi51176,dtps%402020
PerfTestIndi79098,dtps%402020
PerfTestIndi9173,dtps%402020
PerfTestIndi25969,dtps%402020
PerfTestIndi90233,dtps%402020
PerfTestIndi5045,dtps%402020
PerfTestIndi74720,dtps%402020
PerfTestIndi79632,dtps%402020
PerfTestIndi12959,dtps%402020
PerfTestIndi208,dtps%402020
PerfTestIndi83581,dtps%402020
PerfTestIndi70538,dtps%402020
PerfTestIndi38041,dtps%402020
PerfTestIndi70385,dtps%402020
PerfTestIndi88150,dtps%402020
PerfTestIndi58454,dtps%402020
PerfTestIndi38242,dtps%402020
PerfTestIndi12968,dtps%402020
PerfTestIndi45439,dtps%402020
PerfTestIndi72302,dtps%402020
PerfTestIndi94468,dtps%402020
PerfTestIndi38746,dtps%402020
PerfTestIndi27573,dtps%402020
PerfTestIndi64210,dtps%402020
PerfTestIndi71163,dtps%402020
PerfTestIndi36657,dtps%402020
PerfTestIndi34840,dtps%402020
PerfTestIndi85385,dtps%402020
PerfTestIndi72549,dtps%402020
PerfTestIndi49220,dtps%402020
PerfTestIndi89252,dtps%402020
PerfTestIndi73245,dtps%402020
PerfTestIndi46120,dtps%402020
PerfTestIndi50502,dtps%402020
PerfTestIndi89566,dtps%402020
PerfTestIndi92292,dtps%402020
PerfTestIndi44040,dtps%402020
PerfTestIndi59478,dtps%402020
PerfTestIndi24657,dtps%402020
PerfTestIndi62726,dtps%402020
PerfTestIndi60873,dtps%402020
PerfTestIndi67808,dtps%402020
PerfTestIndi77858,dtps%402020
PerfTestIndi86549,dtps%402020
PerfTestIndi74059,dtps%402020
PerfTestIndi55683,dtps%402020
PerfTestIndi39481,dtps%402020
PerfTestIndi79145,dtps%402020
PerfTestIndi87504,dtps%402020
PerfTestIndi47085,dtps%402020
PerfTestIndi29032,dtps%402020
PerfTestIndi12444,dtps%402020
PerfTestIndi49813,dtps%402020
PerfTestIndi69875,dtps%402020
PerfTestIndi83702,dtps%402020
PerfTestIndi64363,dtps%402020
PerfTestIndi15158,dtps%402020
PerfTestIndi41656,dtps%402020
PerfTestIndi19840,dtps%402020
PerfTestIndi13193,dtps%402020
PerfTestIndi1151,dtps%402020
PerfTestIndi67169,dtps%402020
PerfTestIndi57142,dtps%402020
PerfTestIndi83669,dtps%402020
PerfTestIndi16446,dtps%402020
PerfTestIndi76433,dtps%402020
PerfTestIndi54607,dtps%402020
PerfTestIndi37159,dtps%402020
PerfTestIndi7263,dtps%402020
PerfTestIndi13552,dtps%402020
PerfTestIndi80724,dtps%402020
PerfTestIndi91989,dtps%402020
PerfTestIndi61629,dtps%402020
PerfTestIndi84423,dtps%402020
PerfTestIndi5946,dtps%402020
PerfTestIndi77629,dtps%402020
PerfTestIndi55953,dtps%402020
PerfTestIndi42013,dtps%402020
PerfTestIndi1003,dtps%402020
PerfTestIndi5756,dtps%402020
PerfTestIndi37912,dtps%402020
PerfTestIndi57466,dtps%402020
PerfTestIndi99378,dtps%402020
PerfTestIndi35730,dtps%402020
PerfTestIndi75172,dtps%402020
PerfTestIndi7509,dtps%402020
PerfTestIndi3667,dtps%402020
PerfTestIndi92539,dtps%402020
PerfTestIndi19320,dtps%402020
PerfTestIndi3076,dtps%402020
PerfTestIndi50267,dtps%402020
PerfTestIndi24398,dtps%402020
PerfTestIndi7130,dtps%402020
PerfTestIndi18450,dtps%402020
PerfTestIndi34811,dtps%402020
PerfTestIndi17942,dtps%402020
PerfTestIndi57209,dtps%402020
PerfTestIndi26374,dtps%402020
PerfTestIndi45575,dtps%402020
PerfTestIndi82292,dtps%402020
PerfTestIndi50893,dtps%402020
PerfTestIndi76478,dtps%402020
PerfTestIndi80586,dtps%402020
PerfTestIndi99047,dtps%402020
PerfTestIndi76503,dtps%402020
PerfTestIndi82131,dtps%402020
PerfTestIndi11349,dtps%402020
PerfTestIndi86184,dtps%402020
PerfTestIndi57388,dtps%402020
PerfTestIndi4389,dtps%402020
PerfTestIndi95589,dtps%402020
PerfTestIndi83276,dtps%402020
PerfTestIndi25692,dtps%402020
PerfTestIndi8508,dtps%402020
PerfTestIndi91456,dtps%402020
PerfTestIndi74192,dtps%402020
PerfTestIndi5663,dtps%402020
PerfTestIndi89221,dtps%402020
PerfTestIndi81640,dtps%402020
PerfTestIndi43181,dtps%402020
PerfTestIndi84877,dtps%402020
PerfTestIndi84759,dtps%402020
PerfTestIndi23894,dtps%402020
PerfTestIndi75232,dtps%402020
PerfTestIndi8072,dtps%402020
PerfTestIndi22091,dtps%402020
PerfTestIndi28579,dtps%402020
PerfTestIndi11114,dtps%402020
PerfTestIndi55276,dtps%402020
PerfTestIndi62036,dtps%402020
PerfTestIndi37630,dtps%402020
PerfTestIndi84218,dtps%402020
PerfTestIndi55483,dtps%402020
PerfTestIndi14320,dtps%402020
PerfTestIndi63214,dtps%402020
PerfTestIndi9736,dtps%402020
PerfTestIndi93511,dtps%402020
PerfTestIndi4783,dtps%402020
PerfTestIndi97032,dtps%402020
PerfTestIndi79539,dtps%402020
PerfTestIndi16397,dtps%402020
PerfTestIndi30136,dtps%402020
PerfTestIndi22172,dtps%402020
PerfTestIndi30162,dtps%402020
PerfTestIndi9428,dtps%402020
PerfTestIndi2849,dtps%402020
PerfTestIndi35758,dtps%402020
PerfTestIndi76637,dtps%402020
PerfTestIndi42025,dtps%402020
PerfTestIndi30590,dtps%402020
PerfTestIndi49549,dtps%402020
PerfTestIndi71655,dtps%402020
PerfTestIndi41788,dtps%402020
PerfTestIndi53589,dtps%402020
PerfTestIndi27018,dtps%402020
PerfTestIndi29107,dtps%402020
PerfTestIndi86743,dtps%402020
PerfTestIndi84898,dtps%402020
PerfTestIndi42112,dtps%402020
PerfTestIndi79632,dtps%402020
PerfTestIndi88393,dtps%402020
PerfTestIndi86255,dtps%402020
PerfTestIndi85375,dtps%402020
PerfTestIndi59039,dtps%402020
PerfTestIndi32335,dtps%402020
PerfTestIndi19921,dtps%402020
PerfTestIndi88292,dtps%402020
PerfTestIndi84909,dtps%402020
PerfTestIndi48508,dtps%402020
PerfTestIndi10877,dtps%402020
PerfTestIndi20042,dtps%402020
PerfTestIndi55711,dtps%402020
PerfTestIndi28504,dtps%402020
PerfTestIndi62022,dtps%402020
PerfTestIndi70314,dtps%402020
PerfTestIndi53804,dtps%402020
PerfTestIndi88357,dtps%402020
PerfTestIndi95643,dtps%402020
PerfTestIndi29965,dtps%402020
PerfTestIndi17383,dtps%402020
PerfTestIndi45541,dtps%402020
PerfTestIndi19896,dtps%402020
PerfTestIndi81166,dtps%402020
PerfTestIndi34383,dtps%402020
PerfTestIndi34625,dtps%402020
PerfTestIndi91421,dtps%402020
PerfTestIndi47683,dtps%402020
PerfTestIndi68595,dtps%402020
PerfTestIndi23387,dtps%402020
PerfTestIndi62678,dtps%402020
PerfTestIndi28458,dtps%402020
PerfTestIndi37203,dtps%402020
PerfTestIndi66142,dtps%402020
PerfTestIndi11216,dtps%402020
PerfTestIndi11372,dtps%402020
PerfTestIndi48740,dtps%402020
PerfTestIndi87435,dtps%402020
PerfTestIndi450,dtps%402020
PerfTestIndi58244,dtps%402020
PerfTestIndi16431,dtps%402020
PerfTestIndi56770,dtps%402020
PerfTestIndi2253,dtps%402020
PerfTestIndi87904,dtps%402020
PerfTestIndi55209,dtps%402020
PerfTestIndi49125,dtps%402020
PerfTestIndi63919,dtps%402020
PerfTestIndi9920,dtps%402020
PerfTestIndi98551,dtps%402020
PerfTestIndi4294,dtps%402020
PerfTestIndi1042,dtps%402020
PerfTestIndi68888,dtps%402020
PerfTestIndi26405,dtps%402020
PerfTestIndi53444,dtps%402020
PerfTestIndi36129,dtps%402020
PerfTestIndi69763,dtps%402020
PerfTestIndi77920,dtps%402020
PerfTestIndi13179,dtps%402020
PerfTestIndi98339,dtps%402020
PerfTestIndi1126,dtps%402020
PerfTestIndi75832,dtps%402020
PerfTestIndi88170,dtps%402020
PerfTestIndi43651,dtps%402020
PerfTestIndi91227,dtps%402020
PerfTestIndi21254,dtps%402020
PerfTestIndi50359,dtps%402020
PerfTestIndi13477,dtps%402020
PerfTestIndi40698,dtps%402020
PerfTestIndi37688,dtps%402020
PerfTestIndi7885,dtps%402020
PerfTestIndi4675,dtps%402020
PerfTestIndi84291,dtps%402020
PerfTestIndi66819,dtps%402020
PerfTestIndi9178,dtps%402020
PerfTestIndi90697,dtps%402020
PerfTestIndi84167,dtps%402020
PerfTestIndi96968,dtps%402020
PerfTestIndi97212,dtps%402020
PerfTestIndi27158,dtps%402020
PerfTestIndi54284,dtps%402020
PerfTestIndi96477,dtps%402020
PerfTestIndi8509,dtps%402020
PerfTestIndi41871,dtps%402020
PerfTestIndi65749,dtps%402020
PerfTestIndi78248,dtps%402020
PerfTestIndi48087,dtps%402020
PerfTestIndi48030,dtps%402020
PerfTestIndi88522,dtps%402020
PerfTestIndi74668,dtps%402020
PerfTestIndi68985,dtps%402020
PerfTestIndi80832,dtps%402020
PerfTestIndi18507,dtps%402020
PerfTestIndi27535,dtps%402020
PerfTestIndi65855,dtps%402020
PerfTestIndi39719,dtps%402020
PerfTestIndi92161,dtps%402020
PerfTestIndi79511,dtps%402020
PerfTestIndi50627,dtps%402020
PerfTestIndi59014,dtps%402020
PerfTestIndi20674,dtps%402020
PerfTestIndi24813,dtps%402020
PerfTestIndi76221,dtps%402020
PerfTestIndi83565,dtps%402020
PerfTestIndi98339,dtps%402020
PerfTestIndi90372,dtps%402020
PerfTestIndi14450,dtps%402020
PerfTestIndi34303,dtps%402020
PerfTestIndi25887,dtps%402020
PerfTestIndi28034,dtps%402020
PerfTestIndi40560,dtps%402020
PerfTestIndi12329,dtps%402020
PerfTestIndi69532,dtps%402020
PerfTestIndi18925,dtps%402020
PerfTestIndi1713,dtps%402020
PerfTestIndi371,dtps%402020
PerfTestIndi3606,dtps%402020
PerfTestIndi19413,dtps%402020
PerfTestIndi34692,dtps%402020
PerfTestIndi7699,dtps%402020
PerfTestIndi13703,dtps%402020
PerfTestIndi32779,dtps%402020